word,flim,YorN
การออกอากาศ,4.76190476190476,y
ช่าง,3.80952380952381,
และ,2.85714285714286,n
ได้,2.85714285714286,n
เป็น,2.85714285714286,n
ฟิล์ม,2.85714285714286,y
เจ้าหน้าที่,1.9047619047619,n
ควบคุม,1.9047619047619,
กับ,1.9047619047619,n
ให้,1.9047619047619,n
ผู้ช่วย,1.9047619047619,
จะ,1.9047619047619,n
มี,1.9047619047619,n
งาน,1.9047619047619,n
ช่อง,1.9047619047619,y
playlist,1.9047619047619,y
oper,0.952380952380952,
ตรวจสอบ,0.952380952380952,
ตาม,0.952380952380952,n
ของ,0.952380952380952,n
บริษัท,0.952380952380952,n
ประสานงาน,0.952380952380952,
ต่างๆ,0.952380952380952,n
ที่,0.952380952380952,n
เกี่ยวข้อง,0.952380952380952,n
เพื่อ,0.952380952380952,n
ใน,0.952380952380952,n
ตรง,0.952380952380952,n
ความถูกต้อง,0.952380952380952,
การ,0.952380952380952,n
สามารถ,0.952380952380952,n
ต้อง,0.952380952380952,n
โดย,0.952380952380952,n
รายงาน,0.952380952380952,n
รับมอบหมาย,0.952380952380952,n
เพื่อให้,0.952380952380952,n
จัด,0.952380952380952,n
อย่าง,0.952380952380952,n
พนักงาน,0.952380952380952,n
บันทึก,0.952380952380952,
จัดเก็บ,0.952380952380952,
ติดต่อ,0.952380952380952,
อื่นๆ,0.952380952380952,n
สรุป,0.952380952380952,
ราย,0.952380952380952,n
ตามที่,0.952380952380952,n
จาก,0.952380952380952,n
มีประสบการณ์,0.952380952380952,n
รายละเอียด,0.952380952380952,n
ข้อมูล,0.952380952380952,
แก้ไขปัญหา,0.952380952380952,
พร้อม,0.952380952380952,n
เรื่อง,0.952380952380952,n
ไม่,0.952380952380952,n
ประจำวัน,0.952380952380952,n
จ้างงาน,0.952380952380952,n
ก่อน,0.952380952380952,n
ต่าง,0.952380952380952,n
ปรับ,0.952380952380952,n
เกิด,0.952380952380952,n
ทีม,0.952380952380952,
ระบบ,0.952380952380952,
content,0.952380952380952,
ลง,0.952380952380952,n
ต่อเนื่อง,0.952380952380952,n
สอน,0.952380952380952,n
ปัญหา,0.952380952380952,n
รายการ,0.952380952380952,y
สถานะ,0.952380952380952,n
แต่,0.952380952380952,n
ก็,0.952380952380952,n
แก้ไข,0.952380952380952,n
ป้องกัน,0.952380952380952,n
ออกอากาศ,0.952380952380952,y
จนกว่า,0.952380952380952,n
การเซ็นสัญญา,0.952380952380952,
ฉาก,0.952380952380952,y
transmiss,0.952380952380952,
เรียงราย,0.952380952380952,n
ซ้ำ,0.952380952380952,n
