word,gardener,YorN
และ,4.41988950276243,n
ได้,3.31491712707182,n
ดูแล,2.76243093922652,
งาน,2.20994475138122,n
ขึ้นไป,2.20994475138122,n
กำจัด,2.20994475138122,
ม้า,2.20994475138122,
ที่,1.65745856353591,n
ด้าน,1.65745856353591,n
รับมอบหมาย,1.65745856353591,n
มีประสบการณ์,1.65745856353591,n
ไม่,1.65745856353591,n
ตัด,1.65745856353591,y
สวน,1.65745856353591,y
วิ่ง,1.65745856353591,n
มอเตอร์,1.65745856353591,n
ไซต์,1.65745856353591,n
แมลง,1.65745856353591,y
การเกษตร,1.65745856353591,y
เพศชาย,1.10497237569061,n
พนักงาน,1.10497237569061,n
อื่นๆ,1.10497237569061,n
ม,1.10497237569061,n
อายุ,1.10497237569061,n
ปี,1.10497237569061,n
ด่วน,1.10497237569061,n
รถยนต์,1.10497237569061,n
พื้นที่,1.10497237569061,n
พนักงานบริการ,1.10497237569061,n
จำเป็นต้อง,1.10497237569061,n
ปลวก,1.10497237569061,y
ขับขี่,1.10497237569061,n
คนสวน,1.10497237569061,y
หญ้า,1.10497237569061,y
ควบคุม,0.552486187845304,
ใน,0.552486187845304,n
ให้,0.552486187845304,n
การ,0.552486187845304,n
อัตรา,0.552486187845304,n
คุณสมบัติ,0.552486187845304,n
หาก,0.552486187845304,n
จะ,0.552486187845304,n
ได้รับ,0.552486187845304,n
การพิจารณา,0.552486187845304,n
เป็นพิเศษ,0.552486187845304,n
มี,0.552486187845304,n
ใช้,0.552486187845304,n
สามารถ,0.552486187845304,n
การศึกษา,0.552486187845304,n
สมัคร,0.552486187845304,n
คุณ,0.552486187845304,n
โทร,0.552486187845304,n
ต่อ,0.552486187845304,n
ติดต่อ,0.552486187845304,n
มา,0.552486187845304,n
สวัสดิการ,0.552486187845304,n
โบนัส,0.552486187845304,n
เบี้ย,0.552486187845304,n
ขยัน,0.552486187845304,n
เงินเดือน,0.552486187845304,n
ประจำ,0.552486187845304,
วางแผน,0.552486187845304,
จำกัด,0.552486187845304,n
รายวัน,0.552486187845304,
ส่งเสริม,0.552486187845304,
สถานที่ทำงาน,0.552486187845304,n
ซอย,0.552486187845304,n
อุปกรณ์,0.552486187845304,
จัดเตรียม,0.552486187845304,
บริษัทฯ,0.552486187845304,
วุฒิการศึกษา,0.552486187845304,n
ก่อน,0.552486187845304,n
ประกันสังคม,0.552486187845304,n
บางนา,0.552486187845304,n
บาท,0.552486187845304,n
รถ,0.552486187845304,n
รับสมัคร,0.552486187845304,n
สนใจ,0.552486187845304,n
กรุงเทพฯ,0.552486187845304,n
จัดหา,0.552486187845304,n
ผู้เชี่ยวชาญ,0.552486187845304,
ระยะสั้น,0.552486187845304,
ระยะยาว,0.552486187845304,
ใบขับขี่,0.552486187845304,n
เค,0.552486187845304,n
ลาดกระบัง,0.552486187845304,n
ทำความสะอาด,0.552486187845304,
แบบ,0.552486187845304,n
ขับรถ,0.552486187845304,n
เกษตร,0.552486187845304,y
วัตถุดิบ,0.552486187845304,
เบี้ยเลี้ยง,0.552486187845304,n
ปลูก,0.552486187845304,y
พืช,0.552486187845304,y
พา,0.552486187845304,n
รามอินทรา,0.552486187845304,n
ให้อาหาร,0.552486187845304,n
เดินเล่น,0.552486187845304,n
อาบน้ำ,0.552486187845304,n
ขั้นต่ำ,0.552486187845304,n
ประเวศ,0.552486187845304,n
ครั้ง,0.552486187845304,n
มือ,0.552486187845304,n
หลวง,0.552486187845304,n
กวาด,0.552486187845304,
ขยะ,0.552486187845304,
รดน้ำต้นไม้,0.552486187845304,y
groom,0.552486187845304,y
อานม้า,0.552486187845304,
แปลง,0.552486187845304,y
ต้นไม้,0.552486187845304,y
ผสมผสาน,0.552486187845304,
รื่อ,0.552486187845304,
รจนา,0.552486187845304,n
