word,teacher music,YorN
สอน,4.19161676646707,y
ขึ้นไป,2.9940119760479,n
ที่,2.39520958083832,n
จะ,2.39520958083832,n
หลักสูตร,2.39520958083832,y
เรียน,2.39520958083832,y
และ,1.79640718562874,n
ปี,1.79640718562874,n
การเรียน,1.79640718562874,y
voic,1.79640718562874,y
ร้องเพลง,1.79640718562874,y
ตาม,1.19760479041916,n
ของ,1.19760479041916,n
สาขา,1.19760479041916,n
หรือ,1.19760479041916,n
มี,1.19760479041916,n
โดย,1.19760479041916,n
ได้ที่,1.19760479041916,n
ตั้งแต่,1.19760479041916,n
ไม่,1.19760479041916,n
ชม,1.19760479041916,n
การสอน,1.19760479041916,y
facebook,1.19760479041916,
นักเรียน,1.19760479041916,y
ครู,1.19760479041916,y
ดนตรี,1.19760479041916,y
เกี่ยวข้อง,0.598802395209581,n
ตรง,0.598802395209581,n
เปิด,0.598802395209581,n
คุณสมบัติ,0.598802395209581,n
ผู้สมัคร,0.598802395209581,n
ระดับ,0.598802395209581,n
หาก,0.598802395209581,n
เป็นพิเศษ,0.598802395209581,n
สามารถ,0.598802395209581,n
ต้อง,0.598802395209581,n
ประวัติส่วนตัว,0.598802395209581,n
ส่ง,0.598802395209581,n
email,0.598802395209581,n
โทร,0.598802395209581,n
ได้,0.598802395209581,n
สินค้า,0.598802395209581,
บริการ,0.598802395209581,
อย่าง,0.598802395209581,n
ติดต่อ,0.598802395209581,n
คู่,0.598802395209581,n
line,0.598802395209581,
ตำแหน่งงาน,0.598802395209581,n
ฝ่าย,0.598802395209581,n
แนว,0.598802395209581,n
ชั่วโมง,0.598802395209581,n
person,0.598802395209581,
thailand,0.598802395209581,n
รายละเอียด,0.598802395209581,n
ปริญญาตรี,0.598802395209581,n
ทุก,0.598802395209581,n
ซ,0.598802395209581,n
ประสบการณ์,0.598802395209581,n
จบ,0.598802395209581,n
อายุ,0.598802395209581,n
วุฒิการศึกษา,0.598802395209581,
น้อย,0.598802395209581,n
ประเภท,0.598802395209581,n
ด่วน,0.598802395209581,n
ภาษา,0.598802395209581,
เป็นต้น,0.598802395209581,n
audit,0.598802395209581,
updat,0.598802395209581,
รับสมัคร,0.598802395209581,n
พื้นฐาน,0.598802395209581,
บุคคล,0.598802395209581,n
ระยะสั้น,0.598802395209581,n
วัตถุประสงค์,0.598802395209581,
keyboard,0.598802395209581,y
ว่า,0.598802395209581,n
http,0.598802395209581,n
profil,0.598802395209581,
เว็บ,0.598802395209581,
model,0.598802395209581,
https,0.598802395209581,n
เปิดรับ,0.598802395209581,
ไซ,0.598802395209581,n
มหาวิทยาลัย,0.598802395209581,y
เป็นหลัก,0.598802395209581,n
ผลงาน,0.598802395209581,
ทอง,0.598802395209581,n
กรณี,0.598802395209581,n
สถาบัน,0.598802395209581,
รับพิจารณา,0.598802395209581,n
act,0.598802395209581,y
gmail,0.598802395209581,n
หล่อ,0.598802395209581,
เพลง,0.598802395209581,y
รูปถ่าย,0.598802395209581,
อาจารย์,0.598802395209581,y
ด์,0.598802395209581,n
สากล,0.598802395209581,
academi,0.598802395209581,y
รอยัล,0.598802395209581,n
เป็นแนว,0.598802395209581,n
ศิลปะ,0.598802395209581,
chat,0.598802395209581,
ประกาศนียบัตร,0.598802395209581,
ครูผู้สอน,0.598802395209581,y
มีอายุ,0.598802395209581,n
การแสดง,0.598802395209581,
บัลเลต์,0.598802395209581,
superstar,0.598802395209581,
danc,0.598802395209581,
drum,0.598802395209581,y
piano,0.598802395209581,y
guitar,0.598802395209581,y
bass,0.598802395209581,y
ukulel,0.598802395209581,y
เหมาะสำหรับ,0.598802395209581,n
คลาสสิก,0.598802395209581,y
ร๊อค,0.598802395209581,y
ป๊อบ,0.598802395209581,y
แจ็ส,0.598802395209581,y
เดี่ยว,0.598802395209581,n
